id,name,created_at,advertisers_entities.id,entities.short_name,countries.name,countries.alpha2,advertisers_platforms.advertiser_platform_ref,advertisers_platforms.advertiser_platform_name,platforms.name
befe3b20-0b7c-4058-b2ee-a8f582ee4e00,Lietuvos lenkų rinkimų akcija,2022-08-16T15:24:29.565Z,804e441e-0a0d-4365-b741-d8f3d6dff019,LLRA,Lithuania,lt,284670842209862,Lietuvos lenkų rinkimų akcija,Facebook
f6a8c8a0-a0ef-4522-8331-1e84122711cc,Darbo partija,2022-08-16T15:24:29.574Z,691f5919-7bff-456a-92eb-821e946a382b,DP,Lithuania,lt,264116120225,Darbo partija,Facebook
c821131e-0956-44ce-8197-cc1c98e8db64,Lietuvos socialdemokratų partija,2022-08-16T15:24:29.537Z,a4e65028-1462-4e22-849e-4116c9eaef9b,LSDP,Lithuania,lt,202360056491831,Lietuvos socialdemokratų partija,Facebook
a0f555fe-f91b-4e7a-86de-234bf7789f79,Lietuvos Žaliųjų Partija,2022-08-16T15:24:29.621Z,cf4c53ea-6322-4368-a58f-80bea832df56,LZP,Lithuania,lt,300771660032648,Lietuvos Žaliųjų Partija,Facebook
05f025f4-3e52-47f6-850c-e00d7977b0dd,Lietuvos sarašas,2022-08-16T15:24:29.656Z,7b339b54-7b52-466f-994b-88995cabdc3f,LS,Lithuania,lt,338787176309182,Lietuvos sarašas,Facebook
96b96dcf-1e68-429a-a619-e7e6ad95b73e,Lietuvos centro partija,2022-08-16T15:24:29.647Z,644b20ec-48cf-4aa8-9850-910f0a2fcce9,TTS,Lithuania,lt,102161476501915,Lietuvos centro partija,Facebook
0dde25a7-84d2-432d-b5fb-cb81d641b04c,Liberalų sąjūdis,2022-08-16T15:24:29.542Z,e5d4e5b8-b2d7-45e5-8103-34c26e87efce,LRLS,Lithuania,lt,81004804444,Liberalų sąjūdis,Facebook
f8430a17-9f52-4165-95d5-66acaea115ec,Lietuvos valstiečių ir žaliųjų sąjunga,2022-08-16T15:24:29.530Z,0973ceb4-6de2-4150-9dc7-df3681f2a246,LVZS,Lithuania,lt,190209177745566,Lietuvos valstiečių ir žaliųjų sąjunga,Facebook
412b7b65-dbdf-49f9-a570-363180e6b5c9,Tėvynės sąjunga - Lietuvos krikščionys demokratai,2022-08-16T15:24:29.533Z,e991650e-07b9-4702-870d-438c4a4d8f5b,TSLKD,Lithuania,lt,198988713464683,Tėvynės sąjunga - Lietuvos krikščionys demokratai,Facebook
00aa79db-5f56-4d26-8fd2-b725f962782f,Jurijus Martinaitis Nr. 11 LSDP Klaipėdos skyrius,2023-02-14T10:53:21.281Z,9f7901c2-ebb0-425c-b189-21e539b01ba5,LSDP,Lithuania,lt,100269646305826,Jurijus Martinaitis Nr. 11 LSDP Klaipėdos skyrius,Facebook
6169c7a7-9386-4b05-bc32-81897210dc76,Robert Duchnevič,2023-02-09T06:27:49.165Z,5ca2c038-d01a-4128-bfbc-2e8c076c5b80,LSDP,Lithuania,lt,101403114949853,Robert Duchnevič,Facebook
f46f9c31-a5a5-4304-9be1-142cab7738ff,LSDP Mažeikių skyrius,2023-02-08T05:55:42.918Z,0dbea92c-cd27-4a32-84de-c626065887bd,LSDP,Lithuania,lt,1522618701317384,LSDP Mažeikių skyrius,Facebook
af4aa0a4-8555-4e53-85dc-bd64930d32ba,Rokiškio Socialdemokratai,2023-02-07T15:05:00.954Z,c569a6c7-40bb-4481-b2fc-2a3c4b092557,LSDP,Lithuania,lt,1483397575267215,Rokiškio Socialdemokratai,Facebook
8fd504ef-fc4a-4e2e-bcac-acedfeb35ebf,LSDP Šilutės rajono skyrius,2023-02-14T10:53:21.445Z,6ff87190-dbb3-4bf0-a918-cbe2f8d94cfe,LSDP,Lithuania,lt,1723029371256787,LSDP Šilutės rajono skyrius,Facebook
03d442e6-d1ca-4d08-a71b-7a135034d9a8,LSDP Plungės skyrius,2023-02-08T05:55:42.925Z,42b599dd-be46-4d61-9993-25b194eae2cc,LSDP,Lithuania,lt,589156751262311,LSDP Plungės skyrius,Facebook
59656fac-4a42-4258-83fc-93931dbdc523,Socialdemokratai Jonavoje,2023-02-08T05:55:42.828Z,b686c5b2-03d8-4273-8145-4bd4db5050a8,LSDP,Lithuania,lt,114024051975772,Socialdemokratai Jonavoje,Facebook
aed2d069-11fd-4dc5-98de-b3ff055759bc,LSDP Lazdijų rajono skyrius,2023-02-07T15:05:01.614Z,57cdc5f3-f0ec-4a99-9fef-35c771eae93c,LSDP,Lithuania,lt,151687831709227,LSDP Lazdijų rajono skyrius,Facebook
f47b2587-e0ee-4000-bb83-fa082705a5be,Povilas Saulevičius,2023-02-07T15:05:01.274Z,088ccbe7-a3ef-45ec-b50a-908153ff451a,LSDP,Lithuania,lt,1613353545554733,Povilas Saulevičius,Facebook
7036df24-8c78-46d4-8e05-761f5128768c,LSDP Utena,2023-02-07T15:04:59.963Z,c2268a3d-1a90-49ea-8dff-f77bec80f1e5,LSDP,Lithuania,lt,1412305759075666,LSDP Utena,Facebook
65397a72-485b-4ed0-8147-8022e67b2fa6,LSDP Vilnius,2023-02-08T05:55:42.716Z,97e1325d-7038-4aa4-a8a2-be469e279b1b,LSDP,Lithuania,lt,324139520360,LSDP Vilnius,Facebook
48973239-a7d2-4e81-b120-4b2970005f6e,Demokratai „Vardan Lietuvos“ Kėdainiai,2023-02-07T15:05:00.311Z,74cf939d-b778-445a-bcda-57b79a26676e,DSVL,Lithuania,lt,104960398848422,Demokratai „Vardan Lietuvos“ Kėdainiai,Facebook
e1ce2903-3272-4f8c-ac54-57fd48052f35,TS-LKD Utena,2023-02-07T15:05:00.457Z,1504a3aa-c881-48f7-ae67-3f8532614a15,TSLKD,Lithuania,lt,114200538647103,TS-LKD Utena,Facebook
5eb8418b-1778-4651-a5a6-707ca88c3586,TS-LKD Kaunas,2023-02-07T15:05:01.577Z,1359ed5b-e032-4d9c-a78e-085cf803d742,TSLKD,Lithuania,lt,111410118181,TS-LKD Kaunas,Facebook
3f6aa385-e340-4d97-b3c2-7a37fc8650ad,Ts-Lkd Prienų raj. skyrius,2023-02-07T15:05:02.178Z,f71bfe58-0e38-4533-b861-d78a8047792b,TSLKD,Lithuania,lt,243666885770562,Ts-Lkd Prienų raj. skyrius,Facebook
f43f8c7d-1475-4fc7-ab29-111179d4ba86,Robertas Šarknickas,2023-02-07T15:05:01.828Z,11f01b35-5b77-4789-8f31-f59b2a6cbc50,LVZS,Lithuania,lt,880209082011396,Robertas Šarknickas,Facebook
04228785-1637-4c4c-ba5e-0aa27f8fda99,LVŽS Šilutė,2023-02-07T15:05:01.962Z,090ee850-bfbe-4219-8b2f-0cf2f124af35,LVZS,Lithuania,lt,113482588727306,LVŽS Šilutė,Facebook
4bc2d1d2-2bd8-4623-876b-ee9df320821e,LVŽS Pagėgių skyrius,2023-02-08T05:55:42.943Z,81f446df-68d3-4334-a89c-15123a6a5a89,LVZS,Lithuania,lt,112822955462271,LVŽS Pagėgių skyrius,Facebook
03ec1da0-e160-4229-8015-32779c3693e1,Demokratai “Vardan Lietuvos” Alytaus rajono skyrius,2023-02-07T15:05:01.238Z,1ff73202-0aa7-4505-9204-c02550f53833,DSVL,Lithuania,lt,113237011401900,Demokratai “Vardan Lietuvos” Alytaus rajono skyrius,Facebook
c4691082-0d28-49a8-b5f9-3a45eb879b01,"Demokratų sąjungos „Vardan Lietuvos"" Telšių rajono skyrius",2023-02-07T15:05:01.639Z,5370eeee-adb3-48f4-91fd-a9ac2798861f,DSVL,Lithuania,lt,100100179586668,"Demokratų sąjungos „Vardan Lietuvos"" Telšių rajono skyrius",Facebook
5de4f93d-458e-4bb8-b1de-a66e1a6f5f2d,Demokratai „Vardan Lietuvos“ Utenos skyrius,2023-02-07T15:05:01.797Z,3d77b349-e2c1-4e65-aed0-781ec18e92dd,DSVL,Lithuania,lt,113752637970455,Demokratai „Vardan Lietuvos“ Utenos skyrius,Facebook
71566ce9-c834-4724-ac5d-cbf9921f4132,TS-LKD Vilkaviškio skyrius,2023-02-07T15:05:01.864Z,6375e842-0625-4009-a937-ddec98f221ba,TSLKD,Lithuania,lt,915886448455481,TS-LKD Vilkaviškio skyrius,Facebook
f3e75483-ee80-4320-8fe5-b213edb55626,TS-LKD Alytaus miesto skyrius,2023-02-08T05:55:42.716Z,150e01a1-9a4f-44d7-9333-46c7a5f91843,TSLKD,Lithuania,lt,197124423631782,TS-LKD Alytaus miesto skyrius,Facebook
0714b0b7-00f2-4e42-aa04-abf938646cfa,LVŽS Palangos skyrius,2023-02-07T15:05:00.485Z,3e2aead8-eb0b-4e40-84e6-3cb7b096d7fe,LVZS,Lithuania,lt,244477252911137,LVŽS Palangos skyrius,Facebook
d2017555-f485-4935-9e82-ef5626b92967,LVŽS Lazdijų r. skyrius,2023-02-07T15:05:01.913Z,88bf61da-ea9f-4ec5-8101-bfc31b9f5154,LVZS,Lithuania,lt,112079431638014,LVŽS Lazdijų r. skyrius,Facebook
66802063-0f1d-4d82-b7d3-7ab63ab79072,LVŽS Kretingos rajono skyrius,2023-02-07T15:05:02.049Z,b7955a79-e934-46ce-8fda-0907fb63f162,LVZS,Lithuania,lt,106574585571371,LVŽS Kretingos rajono skyrius,Facebook
52ad3df8-a4b1-444c-b6c4-23324a82353e,LVŽS Šiauliai,2023-02-07T15:05:01.741Z,18574034-d24f-4023-85b3-ec5f0051cc78,LVZS,Lithuania,lt,197283550301778,LVŽS Šiauliai,Facebook
f120853c-e2d4-4a6c-9eec-9373af8ef82d,LVŽS Šiaulių rajono skyrius,2023-02-07T15:05:01.549Z,2bce9a0a-e40f-4f91-899c-792af320630b,LVZS,Lithuania,lt,157662260954655,LVŽS Šiaulių rajono skyrius,Facebook
1fa63955-4d5e-4f70-b9eb-6b39c9bf9bc8,Kasdien už Klaipėdą,2023-02-07T15:05:01.098Z,8292bb74-6c85-42c4-9bc2-8a99ac04f4f4,DSVL,Lithuania,lt,107788202185457,Kasdien už Klaipėdą,Facebook
f9fb6ce5-20f5-42b8-8923-1a8c21946b77,Mockūnas Jonas,2023-02-07T15:05:01.590Z,e7235349-9c85-4735-81ed-2299fcb07091,DSVL,Lithuania,lt,100747902910936,Mockūnas Jonas,Facebook
70054988-e7b8-4401-bf22-257e270e69dc,"Demokratai „Vardan Lietuvos"" Lazdijų skyrius",2023-02-08T05:55:42.945Z,8e38472f-e50a-4adb-8a49-fc1de5820ddf,DSVL,Lithuania,lt,109531561888144,"Demokratai „Vardan Lietuvos"" Lazdijų skyrius",Facebook
c715f6bf-979e-4608-8d60-e5ce6868778d,Darius Gonsiauskas,2023-02-13T10:53:29.003Z,b1a5c4aa-92c0-4352-9598-cb2812a739c2,DSVL,Lithuania,lt,113156431608671,Darius Gonsiauskas,Facebook
e0f9bb78-0781-4839-99d7-93c8c318b566,"Demokratai ""Vardan Lietuvos"" Kauno rajono skyrius",2023-02-10T10:53:28.091Z,6f7b1078-66ea-4673-95a2-db602c1f52ce,DSVL,Lithuania,lt,103892295771440,"Demokratai ""Vardan Lietuvos"" Kauno rajono skyrius",Facebook
1897d47a-b2a9-4c2f-be7f-0466f79476d8,"Plungės Demokratai ""Vardan Lietuvos""",2023-02-09T06:27:49.288Z,3c713889-ea0d-4ff5-9794-9d6a727616c8,DSVL,Lithuania,lt,106918585332122,"Plungės Demokratai ""Vardan Lietuvos""",Facebook
de6454bb-d813-4310-b836-4bd07d4aa60a,Lukas Savickas,2023-02-07T15:04:59.853Z,002acab9-8444-4828-9807-bad63b97c7d1,DSVL,Lithuania,lt,100263748441271,Lukas Savickas,Facebook
218442ae-82eb-400e-9f2c-7bdc94ffc06e,Arvydas Cesiulis,2023-02-12T10:53:11.958Z,f0af6183-8ad7-43b7-b009-374936321787,LSDP,Lithuania,lt,101342806212588,Arvydas Cesiulis,Facebook
751369a4-ff08-4389-8429-28e4b43155f5,,2023-02-07T15:05:01.006Z,4f737b0b-2e71-4e77-944b-deff4d0b2367,DSVL,Lithuania,lt,113272641356689,,Facebook
d1b3e7e7-970e-4024-a0f4-75ca0ecd5a27,Socialdemokratų partijos Telšių skyrius,2023-02-11T10:53:06.204Z,c95644b3-859d-431a-8e3a-fcbbc722b9fc,LSDP,Lithuania,lt,1502298690023612,Socialdemokratų partijos Telšių skyrius,Facebook
f9eed1e7-697c-4031-acde-ef25c0f9b269,Rasa Budbergytė,2023-02-08T05:55:42.765Z,334ba82e-271a-4082-852f-adafae0211d2,LSDP,Lithuania,lt,494308010764451,Rasa Budbergytė,Facebook
68f3556d-06e2-4b9c-b8a9-3bc09c15db70,Viktoras Fiodorovas,2023-02-07T15:05:00.456Z,26f3f69e-f199-4ca6-9f06-008074ac369b,DP,Lithuania,lt,174772099242581,Viktoras Fiodorovas,Facebook
73fb150a-f852-4213-b599-7dfc9b6d6ce3,Darbo partija Marijampolė,2023-02-12T10:53:11.724Z,ea717527-1bd7-4781-899c-b7cf1eb99cfc,DP,Lithuania,lt,719180131490579,Darbo partija Marijampolė,Facebook
0c82624b-050d-4277-8732-37c74a52e437,Darbo Partija Akmenė,2023-02-08T05:55:42.932Z,f1e83a6d-2b94-4303-a1a8-180453c1c889,DP,Lithuania,lt,1575814346081819,Darbo Partija Akmenė,Facebook
00d65a62-514d-40ea-b513-c37b25bb3b7d,Adomas Zamulskis,2023-02-07T15:05:00.588Z,321c168b-4ecd-48ed-a00b-91c28cdc6092,TSLKD,Lithuania,lt,115030684786210,Adomas Zamulskis,Facebook
0ee0f926-5df7-4374-8719-fd630b9c1fc9,Ieva Kačinskaitė-Urbonienė,2023-02-11T10:53:05.748Z,5f0ce90e-183d-4451-b4e1-32b40a232aa7,DP,Lithuania,lt,185802948122130,Ieva Kačinskaitė-Urbonienė,Facebook
ee74e21d-fdde-41ed-af06-5f6cdcfc55d5,Darbo partija Klaipėdos skyrius,2023-02-07T15:05:00.342Z,2d3a9a60-8c16-4ee6-8ad7-2d28a9ea3d94,DP,Lithuania,lt,107086738928279,Darbo partija Klaipėdos skyrius,Facebook
7a3ed389-1987-4759-b37d-915fa4fd7638,Nerijus Gedeika,2023-02-12T10:53:11.649Z,cbfc9d0a-bf5f-4867-99e1-dcc468729846,TSLKD,Lithuania,lt,100242001821538,Nerijus Gedeika,Facebook
4f45d1a9-f626-4122-ba14-2bcd9514766a,Tėvynės sąjunga - Lietuvos krikščionys demokratai Raseinių skyrius,2023-02-07T15:04:59.929Z,b2c07d6c-673b-4ecf-a52b-3c4488143e20,TSLKD,Lithuania,lt,603554243030343,Tėvynės sąjunga - Lietuvos krikščionys demokratai Raseinių skyrius,Facebook
0dce8e80-82f0-49e5-b1d5-2ad0e6ad65c6,Tėvynės sąjunga - Lietuvos krikščionys demokratai - Palangos skyrius,2023-02-07T15:05:00.737Z,912cacfa-00c7-44e4-9c07-d9662e9ca26a,TSLKD,Lithuania,lt,101417576180536,Tėvynės sąjunga - Lietuvos krikščionys demokratai - Palangos skyrius,Facebook
5cb04ecd-f9af-489f-bc8f-08de6255d265,Vaida Pituškienė,2023-02-07T15:05:01.813Z,5ed9bc2b-5e6d-4203-89f7-5226fa6090fe,TSLKD,Lithuania,lt,101411182715928,Vaida Pituškienė,Facebook
56a363a6-1273-47dc-80f8-b62de35999a6,Telšių valstiečiai ir žalieji,2023-02-08T05:55:42.926Z,d8cba5b8-ae06-459e-bf25-c131b4e6ed8f,LVZS,Lithuania,lt,441636559696894,Telšių valstiečiai ir žalieji,Facebook
db188248-a204-432b-b50e-fbfda15e7126,Žmogus - Žmogui,2023-02-07T15:05:00.342Z,88c66eb0-0cfa-410a-958d-2186e6492230,LVZS,Lithuania,lt,100604889531306,Žmogus - Žmogui,Facebook
aa2d4119-1ff4-4215-b452-b07162300d09,Lietuvos valstiečių ir žaliųjų sąjunga - Klaipėdos rajono skyrius,2023-02-08T05:55:42.794Z,7254d903-36cb-4d88-abfe-fa841011e31e,LVZS,Lithuania,lt,168732847154734,Lietuvos valstiečių ir žaliųjų sąjunga - Klaipėdos rajono skyrius,Facebook
dbc60f58-0d89-45c2-b7db-0cda71e1c31c,Šakių valstiečiai ir žalieji,2023-02-07T15:05:02.183Z,0dc82894-53a1-4381-8102-3c8f3678bba5,LVZS,Lithuania,lt,154104627980740,Šakių valstiečiai ir žalieji,Facebook
9f703bdd-3f70-4887-894c-61970dd29624,Bronius Markauskas,2023-02-07T15:05:01.608Z,c56cd719-9777-4dec-88d3-8d791c1c6dd7,LVZS,Lithuania,lt,105659461367214,Bronius Markauskas,Facebook
1344acb4-9fc4-433d-a3c4-b4f990167f59,Radviliškio Liberalai,2023-02-07T15:05:01.776Z,3ad76f5f-90f3-49d0-a1a8-84b9f43ae248,LRLS,Lithuania,lt,446838702022301,Radviliškio Liberalai,Facebook
5feb65ae-f174-4a3c-8a58-788c1ac976cd,Visaginas gali daugiau,2023-02-07T15:05:01.763Z,b44fcf5b-27b4-4a09-bbed-68205f19bb69,LRLS,Lithuania,lt,332240937383574,Visaginas gali daugiau,Facebook
63c59a1e-3bd4-4eaa-9246-6b5560a6f4f1,Pakruojo liberalai,2023-02-07T15:05:01.008Z,733b3809-bcdf-41f7-865d-7b97f9a5db73,LRLS,Lithuania,lt,168391723359276,Pakruojo liberalai,Facebook
8c6c5d65-caf0-4205-bd5b-c53e202198b5,Laimutė Jančiukienė,2023-02-07T15:05:01.994Z,78575fa2-bbd5-4e04-ab93-e9c5ea09274c,LVZS,Lithuania,lt,114789731493498,Laimutė Jančiukienė,Facebook
01c505a2-086c-4a3d-9609-68030a2d9872,Jevgenij Shuklin,2023-02-07T15:05:01.799Z,fed3198c-42bd-4293-a6e3-1ebed36c3e18,LRLS,Lithuania,lt,1535463576688341,Jevgenij Shuklin,Facebook
54b6e556-2404-4cbb-b544-11c39735f71f,Liberalų Sąjūdis Molėtų skyrius,2023-02-07T15:05:01.669Z,630d3a84-8366-47a5-a9f3-4a497648a777,LRLS,Lithuania,lt,100524364968293,Liberalų Sąjūdis Molėtų skyrius,Facebook
6422e714-1681-4fe2-ba48-61850fd5d398,Justinas Pranys,2023-02-07T15:05:01.311Z,aa6ac782-b7fb-46a5-bcbf-1a0eaf4fa0c6,LRLS,Lithuania,lt,106210512306571,Justinas Pranys,Facebook
a7b86d61-3090-4846-96f0-2a6e0ec4ab29,Lietuvos regionų partija Birštono skyrius,2023-02-07T15:05:01.989Z,e9e4e22c-ab67-4e0b-8403-0137514d7411,Kitos,Lithuania,lt,103232229301251,Lietuvos regionų partija Birštono skyrius,Facebook
11201f64-e07b-4a1c-93cb-5b4cb0e6b313,Helmanas Lik,2023-02-07T15:05:02.045Z,bceb1db7-91d7-4a5b-8f86-08ef35ce98a2,Kitos,Lithuania,lt,108133081117039,Helmanas Lik,Facebook
e3d02424-1ccc-4cab-9c5b-f63e7d530c0f,Mykolas Majauskas,2023-02-07T15:04:59.786Z,7b96c5b6-2e80-41a5-83bd-f478ac121747,Kitos,Lithuania,lt,1557796401104405,Mykolas Majauskas,Facebook
e40d91f9-806f-4c51-a324-5ac15cfcb608,Tomas Vytautas Raskevičius,2023-02-07T15:04:59.835Z,b0f27c9a-eb5a-43e3-a3e7-d51ab0ce82ba,LP,Lithuania,lt,790530451326497,Tomas Vytautas Raskevičius,Facebook
b1b65685-47c2-4c52-b71b-0a7c946b961b,Laisvės partija,2023-02-07T15:05:00.406Z,ff5ef934-3057-41c3-83cd-a97fba0650ba,LP,Lithuania,lt,393195034595433,Laisvės partija,Facebook
d17fb90e-ce4e-4b1e-9bde-395ffade4d81,Laisvės partijos Vilniaus rajono skyrius,2023-02-07T15:05:01.717Z,13eaa6d7-472a-44cb-825b-259eab90c899,LP,Lithuania,lt,102706758433221,Laisvės partijos Vilniaus rajono skyrius,Facebook
0cd0ecf1-8440-4e8e-9f5e-9eaba00bd974,Laisvės Partija Kėdainiai,2023-02-08T05:55:42.785Z,b26510db-8f42-460b-bd94-b4fba27874f8,LP,Lithuania,lt,100617808795909,Laisvės Partija Kėdainiai,Facebook
ca3ff8f6-782c-43c7-b38e-d919a55258b1,Rokas Garliauskas,2023-02-14T10:53:21.446Z,70717c87-a0e8-44f9-9db2-5df222d3641f,LP,Lithuania,lt,1986070164949598,Rokas Garliauskas,Facebook
7d9649a2-3ed8-4217-afc2-30601079acd7,Laisvės partijos Šiaulių skyrius,2023-02-07T15:05:01.560Z,62deb182-a0c6-4d2c-a66e-3e4e13083697,LP,Lithuania,lt,105807648218734,Laisvės partijos Šiaulių skyrius,Facebook
637abfc6-731d-44d3-b41a-0179ba2df167,Laisvės partijos Klaipėdos skyrius,2023-02-07T15:05:01.813Z,a34b7fbd-e99e-4e63-95cf-c1116ca9f6dc,LP,Lithuania,lt,100835765292939,Laisvės partijos Klaipėdos skyrius,Facebook
d4115d9f-b54b-4ac1-81dd-dc2ef90a1092,Zuokas,2023-02-07T15:04:59.998Z,9882b5b0-355b-42e7-a877-2f7d09c2750d,Kitos,Lithuania,lt,150259975018869,Zuokas,Facebook
1834f501-609f-4bdf-b012-e96fea5d41a3,Remigijus Lapinskas,2023-02-07T15:04:59.954Z,1f9ffd1f-46b3-4e82-8da2-c1408b2daf34,Kitos,Lithuania,lt,107927550729313,Remigijus Lapinskas,Facebook
b2abeb5c-72da-4a34-acec-8feb4b37348c,Dr. Erika Godlevska,2023-02-07T15:05:00.233Z,d4d7be84-bb35-42b1-9820-87bdb91824aa,LRLS,Lithuania,lt,104934422419589,Dr. Erika Godlevska,Facebook
a18675ab-f101-4d00-8153-a505ff0977bb,Jonas Vitkauskas. Kandidatodienorastis.lt,2023-02-14T10:53:21.451Z,63af4479-438a-4669-819d-4d40c6bf8460,LRLS,Lithuania,lt,111477771835103,Jonas Vitkauskas. Kandidatodienorastis.lt,Facebook
6b93d493-ab9e-4c1d-b620-e902d3827bb5,15min,2023-09-30T05:06:55.385Z,a5d2ba3d-5457-49f9-8436-6432eed57b48,DSVL,Lithuania,lt,40711908859,15min,Facebook
da4d6b14-7ce8-43c5-979a-e5bd515213c3,Saulius Skvernelis,2023-03-08T16:01:46.980Z,5c10ead6-fba4-4c24-a76e-25b8e85f0833,DSVL,Lithuania,lt,814777171988967,Saulius Skvernelis,Facebook
e109c260-061f-422a-91fa-008021e9ab00,"Demokratų sąjunga ""Vardan Lietuvos"" Raseinių skyrius",2023-02-28T10:53:30.866Z,4eda0c2d-5b2e-4f46-bffd-3f50ffcd64f8,DSVL,Lithuania,lt,114867401499871,"Demokratų sąjunga ""Vardan Lietuvos"" Raseinių skyrius",Facebook
7bea19ad-7812-4e3a-88ac-339349a9c6f7,"Demokratų sąjungos ""Vardan Lietuvos"" Panevėžio skyrius",2023-02-27T10:53:24.329Z,3aaff099-462d-48e8-bb7e-18fd4c8d0d37,DSVL,Lithuania,lt,103438122372215,"Demokratų sąjungos ""Vardan Lietuvos"" Panevėžio skyrius",Facebook
8612e1c6-86fc-4eee-800f-21ee88e76bba,Active Youth Projects,2023-06-29T05:42:30.734Z,9844d09e-c30e-4028-952e-bf5a78a1ca64,DSVL,Lithuania,lt,236634919854187,Active Youth Projects,Facebook
cdfe7d12-93bc-471b-a297-1f2511a8387f,"Demokratų sąjunga „Vardan Lietuvos“, Jurbarko skyrius",2023-02-26T10:53:28.364Z,44c6dcf5-8e5b-4cce-b351-89c0e8e70383,DSVL,Lithuania,lt,106573748708049,"Demokratų sąjunga „Vardan Lietuvos“, Jurbarko skyrius",Facebook
99eb2f1e-571f-4a0a-851c-0c8e7198abaa,"Demokratai ""Vardan Lietuvos"" Visagino skyrius",2023-02-28T10:53:30.659Z,3ca57710-8cd2-4ff3-a549-9acf283b7c07,DSVL,Lithuania,lt,102764809396002,"Demokratai ""Vardan Lietuvos"" Visagino skyrius",Facebook
b1357f92-8ce8-4be1-809f-13eaaac38ebf,"Panevėžio rajono demokratai ""Vardan Lietuvos""",2023-02-24T10:53:23.181Z,1d6aacca-b3b5-4135-8423-6e23ce4cfcfb,DSVL,Lithuania,lt,107598825261243,"Panevėžio rajono demokratai ""Vardan Lietuvos""",Facebook
f9573846-caa0-4765-841f-dc5c56076b76,Demokratų sąjungos „Vardan Lietuvos“ Druskininkų skyrius,2023-02-28T10:53:30.746Z,fb13f8e9-7c18-4021-9c44-ed27bdfb69a0,DSVL,Lithuania,lt,101913269175888,Demokratų sąjungos „Vardan Lietuvos“ Druskininkų skyrius,Facebook
85d2ddc7-f816-40da-85a3-306bd900c678,Justas Truncė,2023-02-17T10:53:09.420Z,3fc85dd2-d996-4303-bece-139a0be340b6,DSVL,Lithuania,lt,715819435207903,Justas Truncė,Facebook
517ea6ab-1386-4eb5-b6f2-31249e58dca9,Mindaugas Tarnauskas,2023-02-17T10:53:09.580Z,5ca9938f-58ff-44b6-b1fb-b8349e836f0e,LP,Lithuania,lt,602524153225555,Mindaugas Tarnauskas,Facebook
f299602c-f3b1-4c5b-9836-6322a0d1a4ad,Demokratai „Vardan Lietuvos“,2023-02-16T10:53:18.603Z,801f8305-5748-46c5-858b-e019d66e3105,DSVL,Lithuania,lt,110105941453094,Demokratai „Vardan Lietuvos“,Facebook
83d300c1-0f4f-46c1-9e6d-0a7d768a0a1c,Kretingos Skyrius demokratai Vardan Lietuvos,2023-02-25T10:53:25.896Z,e2df2475-a828-4a08-8848-1f7cabf64e71,DSVL,Lithuania,lt,108518065489236,Kretingos Skyrius demokratai Vardan Lietuvos,Facebook
0d7be60b-88df-4a57-abed-48d91a377538,Edita Gudišauskienė,2023-02-19T10:53:34.181Z,0c175821-a7f0-45c9-979f-630608ea697b,DSVL,Lithuania,lt,1671402379791879,Edita Gudišauskienė,Facebook
5a801cb7-c75e-4431-8819-6b284733c77d,"Demokratai ""Vardan Lietuvos"" Mažeikių skyrius",2023-03-06T10:53:22.980Z,2c19d91c-b03b-456c-8501-7060db1a73c0,DSVL,Lithuania,lt,106617055352233,"Demokratai ""Vardan Lietuvos"" Mažeikių skyrius",Facebook
a37abc33-d6dc-48d1-bae4-b8a127ddbc07,Laisvės partija Kaunas,2023-02-17T10:53:09.527Z,66959e86-0428-4bd5-b28a-e838fecb6d97,LP,Lithuania,lt,100210614736404,Laisvės partija Kaunas,Facebook
f4c22fdf-68e3-4131-8fb8-b055399e0786,"Marijampolės demokratai ""Vardan Lietuvos""",2023-02-27T10:53:24.291Z,5f347007-747f-4de9-b292-192af5d1982d,DSVL,Lithuania,lt,101913795834797,"Marijampolės demokratai ""Vardan Lietuvos""",Facebook
253aee04-dd59-4cf1-9986-a063f4e3b593,Demokratų sąjungos „Vardan Lietuvos“ Kelmės rajono skyrius,2023-02-19T10:53:34.171Z,d7555dbc-bb11-4270-89da-d7ad6d6cf0bb,DSVL,Lithuania,lt,100593379530279,Demokratų sąjungos „Vardan Lietuvos“ Kelmės rajono skyrius,Facebook
ee2b4e11-3e27-4b4f-8046-0f95b1f27c69,Dalius Bučinskas,2023-02-28T10:53:30.888Z,7ba1925f-9605-4543-a71a-0c4e6e1eb67b,LP,Lithuania,lt,104377479235393,Dalius Bučinskas,Facebook
928f510b-176d-462e-91e4-ae24dba6657f,Raivydas Rakauskas,2023-02-21T10:53:17.428Z,d3c04cab-f9d1-4317-9a0f-659528480b55,LP,Lithuania,lt,103957175922837,Raivydas Rakauskas,Facebook
5ef43fd1-91b7-43f1-8bd2-12dbfbaf8f7c,Lietuvos valstiečių ir žaliųjų sąjunga Kaišiadorių skyrius,2023-02-25T10:53:26.070Z,87abdaac-477e-469e-8100-c72059085047,LVZS,Lithuania,lt,353712275236850,Lietuvos valstiečių ir žaliųjų sąjunga Kaišiadorių skyrius,Facebook
d3bf75fc-6a10-41fd-ac1e-7cdb00e465a2,,2023-08-06T05:07:33.122Z,422e491a-bff2-4fda-90e8-6367e47b8092,LVZS,Lithuania,lt,109903418774342,,Facebook
f5e5b816-57e7-48a9-b680-c2f7807ccccb,Virginija Eičienė,2023-03-04T10:53:28.673Z,ad9558f4-7863-4960-b385-58af9f7ddc7d,LVZS,Lithuania,lt,385999798625946,Virginija Eičienė,Facebook
69c8c78b-4320-477d-a69b-46d01f48757a,Kėdainių valstiečiai ir žalieji,2023-02-27T10:53:24.234Z,ce2015d0-c060-4000-9953-87ba3697b3ce,LVZS,Lithuania,lt,132781660125209,Kėdainių valstiečiai ir žalieji,Facebook
e6b2c2a5-18cb-43ce-9a9d-4fb909b37df1,Lietuvos valstiečių ir žaliųjų sąjungos Ignalinos skyrius,2023-02-27T10:53:24.329Z,526a8fa9-f4b1-4d90-890b-46e1c6f38656,LVZS,Lithuania,lt,109410628231343,Lietuvos valstiečių ir žaliųjų sąjungos Ignalinos skyrius,Facebook
659d430f-837e-4de8-8e11-abb2016942a1,Arvydas Nekrošius,2023-03-08T17:56:26.613Z,01ef0eb7-a52f-4256-a40b-f83e62294a8d,LVZS,Lithuania,lt,222524731253670,Arvydas Nekrošius,Facebook
9d91c40a-e3f6-4d73-ad0c-ab1a344724eb,Eimantas Salatka,2023-03-04T10:53:28.457Z,19c27898-ddae-4263-bb3c-249c804aebdd,LVZS,Lithuania,lt,115511964743703,Eimantas Salatka,Facebook
e91fe4c2-787d-4a96-8963-76a84103b17b,Lietuvos valstiečių ir žaliųjų sąjunga - Kalvarijos skyrius,2023-02-25T10:53:26.159Z,e7abb3e7-41a2-4ca0-b326-a026587766bc,LVZS,Lithuania,lt,110542735292276,Lietuvos valstiečių ir žaliųjų sąjunga - Kalvarijos skyrius,Facebook
af51c603-b0b8-4662-b2f2-c35221fe148b,Švenčionių valstiečiai ir žalieji,2023-03-05T10:53:30.932Z,a7c92f3f-63b7-4d3b-ac7c-afd642dafc0b,LVZS,Lithuania,lt,174084509296890,Švenčionių valstiečiai ir žalieji,Facebook
01ef8070-06b4-445f-8a5f-858e2a4a717d,TS - LKD Klaipėdos rajono skyrius,2023-02-25T10:53:26.186Z,187441b5-a4df-4d9b-be74-0ef9da9af9db,TSLKD,Lithuania,lt,665144230585217,TS - LKD Klaipėdos rajono skyrius,Facebook
99570add-b843-49d4-8bda-2c21de8759d0,,2023-02-17T10:53:09.631Z,56548f8c-8b71-4cd7-b31d-07cca0e8932b,LVZS,Lithuania,lt,563822830801705,,Facebook
09e4f69a-b27a-4278-b52b-04edb901c4cc,Kazimieras Algirdas Budrys,2023-03-05T10:53:30.548Z,6102ae3f-0bcd-46be-8be6-28eccaedb3cb,TSLKD,Lithuania,lt,116042661394560,Kazimieras Algirdas Budrys,Facebook
81a88648-008b-4cda-b2c8-2b5050d6ef99,Gerardas Sokolovas,2023-02-19T10:53:34.055Z,602b7638-2ad0-49e1-b182-776297aa64f5,TSLKD,Lithuania,lt,218384881507242,Gerardas Sokolovas,Facebook
7b7ea86c-ed04-4b86-8c67-7f0c49ed1f67,Audronė Kaupienė,2023-02-19T10:53:34.286Z,d1c03d5e-4bab-4cfc-85c7-b5ab5a393781,TSLKD,Lithuania,lt,105885725745934,Audronė Kaupienė,Facebook
61e9de1d-5f94-4c37-9154-31ce532ea3fa,Jadvyga Dunauskaitė,2023-02-19T10:53:34.023Z,fc5293aa-9367-4975-bc94-5a21ae319f71,TSLKD,Lithuania,lt,101635742851569,Jadvyga Dunauskaitė,Facebook
8df7d92f-433f-4f70-a1e7-5337645cd8ad,Vytautas Tamašauskas,2023-03-08T20:15:28.427Z,c3b69297-f309-432f-b328-803ced5962bf,TSLKD,Lithuania,lt,104865585831422,Vytautas Tamašauskas,Facebook
7e45c0b5-bc4f-48c5-a505-98ce0c81ddf1,Jurgita Sejonienė,2023-02-19T10:53:34.023Z,fec150c1-b461-4f5d-b4d8-e2e70aec9540,TSLKD,Lithuania,lt,107823617763952,Jurgita Sejonienė,Facebook
6326bc76-4d9d-4b63-88c3-6091b24d132a,TS-LKD Kauno rajonas,2023-02-28T10:53:30.695Z,12a6ce1a-ee80-47fa-af6d-ad8614ae4628,TSLKD,Lithuania,lt,204348646367759,TS-LKD Kauno rajonas,Facebook
e75b1493-370e-4b7a-b0d7-66ecb13050a5,TS-LKD Jonavos skyrius,2023-02-21T10:53:17.216Z,1a8430e5-5049-4f3f-a4a3-a4b2b3fd9d48,TSLKD,Lithuania,lt,239177852936628,TS-LKD Jonavos skyrius,Facebook
ef5f84c9-6371-4523-a2ca-6a12a3b2921b,Imantas Umbražiūnas,2023-02-20T10:53:21.526Z,48fb82e3-f192-4075-8387-7ef088152067,TSLKD,Lithuania,lt,103407532663760,Imantas Umbražiūnas,Facebook
3afd6fbb-ba97-405d-869f-8d2d23590fe8,Už Astą Zavadskienę,2023-02-20T10:53:21.589Z,abf2f596-ec72-44f8-9d05-f7ff5603a78c,TSLKD,Lithuania,lt,114376238224676,Už Astą Zavadskienę,Facebook
da54f7a6-d4c9-49c5-b645-42c93abb1f2b,Kazimieras Pranskus,2023-02-21T10:53:17.291Z,eecbfd61-0cf5-49e3-b0e0-f690cfd41a94,TSLKD,Lithuania,lt,117601207894453,Kazimieras Pranskus,Facebook
324b4b96-5d4e-46a8-9bfd-15b2151187c2,Vytenis Tomkus,2023-02-25T10:53:25.747Z,148936ac-01a9-4bb9-9ea2-e56b2318cdb2,TSLKD,Lithuania,lt,105222219106929,Vytenis Tomkus,Facebook
35096544-655d-4f1c-b614-1627eb0a4c32,TS LKD Kaišiadorys,2023-02-24T10:53:22.978Z,24ca8ac3-4792-4ea3-bc41-6410c0ce41cc,TSLKD,Lithuania,lt,103076979382047,TS LKD Kaišiadorys,Facebook
90ba5068-b77c-4d53-8bfb-64b7ea719129,Ts-LKD_Šakiai,2023-03-05T10:53:30.745Z,545be70d-83a5-44fc-9554-9117d6c12be8,TSLKD,Lithuania,lt,889024584549122,Ts-LKD_Šakiai,Facebook
40f0a21a-0f2a-48d0-b5ad-ea03b6a47c0c,TS-LKD Šiaulių skyrius,2023-02-17T10:53:09.543Z,3bf2a36c-b87d-43cf-95b3-5f2f9b02b1b6,TSLKD,Lithuania,lt,172763372791428,TS-LKD Šiaulių skyrius,Facebook
c264f6c6-ec70-4f37-83e3-757d1a7a3450,TS-LKD Alytaus rajono skyrius,2023-02-23T10:53:20.421Z,ff703e1c-e0e3-477b-9fe9-99a6ff19c849,TSLKD,Lithuania,lt,1437280373226968,TS-LKD Alytaus rajono skyrius,Facebook
920046e1-9ea0-4561-8fe6-91e2aab3114e,Tamulynas Povilas,2023-02-15T10:53:12.155Z,7e818c41-32a7-492b-8adf-deb9889abafb,TSLKD,Lithuania,lt,103945659230821,Tamulynas Povilas,Facebook
db12d02c-b44e-4ee9-8f0a-f88bd9634c66,LVŽS Panevėžio rajono skyrius,2023-02-17T10:53:09.472Z,4496bcf3-8aca-42b3-8d8b-6f12d23f36ed,LVZS,Lithuania,lt,106204152114843,LVŽS Panevėžio rajono skyrius,Facebook
f1bce8e5-e7d8-45c7-a425-5dbf08aae0d8,TS-LKD Kretinga,2023-02-20T10:53:21.436Z,3be3cc44-6db7-4f57-bf46-0bc40faeca42,TSLKD,Lithuania,lt,815276698523877,TS-LKD Kretinga,Facebook
4374534d-1911-4c4f-8de1-5a2a6f460b35,LVŽS Druskininkų skyrius,2023-03-07T10:53:17.859Z,6fe0642d-469a-40d3-8c43-7a996dfd642b,LVZS,Lithuania,lt,1533742990234139,LVŽS Druskininkų skyrius,Facebook
a4ccbd69-4563-45bb-aefa-3b40b303e42b,Alytaus rajono LVŽS skyrius,2023-03-05T10:53:30.911Z,0d4fe532-82c0-468d-ae1d-70ae01fcf0d3,LVZS,Lithuania,lt,109383752068684,Alytaus rajono LVŽS skyrius,Facebook
9f150e22-fd3a-40ab-a77d-002ed1883f49,Povilas Vadeika LSDP kandidatas Nr. 26 į Alytaus tarybą,2023-02-27T10:53:24.358Z,0a66b61a-29b5-4cc4-91ee-2f0035ee40fe,LSDP,Lithuania,lt,325619774292165,Povilas Vadeika LSDP kandidatas Nr. 26 į Alytaus tarybą,Facebook
f8ce6cf2-6eaa-4ab2-8f49-394e24886354,LVŽS Kaunas,2023-02-19T10:53:34.221Z,9324dc12-361e-4529-bd06-dd954f215cc8,LVZS,Lithuania,lt,337391493109248,LVŽS Kaunas,Facebook
346cc45e-a175-4757-964b-c98f94d05382,LVŽS Giedrius,2023-09-09T05:06:49.878Z,806ce7ca-9599-4138-9bde-4f8c8e479f6e,LVZS,Lithuania,lt,232853047075826,LVŽS Giedrius,Facebook
5b6bf190-dce6-4865-a4c6-e1e8fc0506dd,LVŽS Kupiškio skyrius,2023-03-04T10:53:28.754Z,2d0bb6a9-5ede-4fa6-b862-9f009dd1b206,LVZS,Lithuania,lt,122055364525182,LVŽS Kupiškio skyrius,Facebook
afb71347-2368-4f38-b2c2-8a13bf891a26,LSDP Kaišiadorių skyrius,2023-03-01T10:53:17.427Z,064b7975-5ae0-44ac-9226-ec816ef2aeeb,LSDP,Lithuania,lt,221061297940556,LSDP Kaišiadorių skyrius,Facebook
40691eb6-3c08-4839-afad-9455d092be9a,Marijampolės socialdemokratai,2023-02-19T10:53:34.199Z,f05f27ab-b5da-4120-9518-40950108de54,LSDP,Lithuania,lt,187376358082683,Marijampolės socialdemokratai,Facebook
57e5ad65-b9cd-4594-a4b3-e29aaef3aa90,LSDP Klaipėdos skyrius,2023-02-19T10:53:34.132Z,ea0ede64-ba29-4d03-a75e-1123ae29cd97,LSDP,Lithuania,lt,116435934684716,LSDP Klaipėdos skyrius,Facebook
ff8dbc50-a924-4146-8768-0e5e17458464,LSDP Kėdainių skyrius,2023-03-08T10:53:18.897Z,58df483d-e9d0-4f35-89a8-f87d9ea24e8a,LSDP,Lithuania,lt,1634957940119903,LSDP Kėdainių skyrius,Facebook
ad7a8d06-2f9b-489f-9575-91ebac499356,E wind,2023-02-07T15:05:01.932Z,957dcd20-07d4-4ca1-abe6-29f81e5d6c26,ZZZ,Lithuania,lt,102689805273715,E wind,Facebook
6021429f-4743-4deb-854b-cbe5b7d12a2b,Volvo Car Lietuva,2023-02-10T10:53:28.165Z,52aa07c1-554e-445d-9def-8c3e139bfc93,ZZZ,Lithuania,lt,580824415701148,Volvo Car Lietuva,Facebook
aac0cdab-5f7c-4bf9-bdab-412c4d7a79c5,Vilniaus šilumos tinklai,2023-02-14T10:53:21.431Z,d1bde026-b892-499c-a173-5962bb8bb9c6,ZZZ,Lithuania,lt,2080715188925902,Vilniaus šilumos tinklai,Facebook
9ba8819b-a458-403a-af67-753ced77e70f,Nogrid,2023-02-17T10:53:09.630Z,239fc00e-caba-4936-a05a-e947bc8dfeae,ZZZ,Lithuania,lt,1732022290384006,Nogrid,Facebook
338bd043-e571-427e-8378-025aad559738,Neste Lietuva,2023-02-19T10:53:34.090Z,15d389b1-c357-457c-9e86-0547ab7af9e0,ZZZ,Lithuania,lt,250653168401432,Neste Lietuva,Facebook
01e4f364-60ee-4814-be97-df418826c9d6,NC SOS Crisis Group,2023-07-19T06:07:14.017Z,880f6f17-c6bb-45e1-9e85-42b674ec0f5f,ZZZ,Lithuania,lt,113523201803187,NC SOS Crisis Group,Facebook
501f940e-0e5e-46ac-ab68-d37c4735d5ed,Nepatogus Kinas / Inconvenient Films,2023-08-25T05:06:37.642Z,15b9efcb-9bed-4f55-92fa-2f625a12ffec,ZZZ,Lithuania,lt,127419418941,Nepatogus Kinas / Inconvenient Films,Facebook
6d69e357-2d6c-470e-87b4-47b612997492,NOOR,2023-03-08T15:22:16.348Z,d165c7eb-8d67-42f6-bcfe-692834b8cc12,ZZZ,Lithuania,lt,109473431812545,NOOR,Facebook
340d22df-bec9-42e5-ad44-ff1b28feed98,Natura 2000 vertybės,2023-03-08T16:11:52.077Z,afac7e42-32b7-459d-a7da-5f854b1db6eb,ZZZ,Lithuania,lt,107058062186483,Natura 2000 vertybės,Facebook
dcec824d-95ae-45e9-911d-c2b4c0fd8f9f,Neverest Adventures / Keliautoju klubas Hihike,2023-03-08T16:11:52.056Z,f3393003-1deb-480e-a5c4-38263a4b8150,ZZZ,Lithuania,lt,295863130469916,Neverest Adventures / Keliautoju klubas Hihike,Facebook
70617f53-587c-455a-be8b-2e6e488214a9,Centric Care Lietuva,2023-03-13T10:53:04.930Z,848bff06-a0a7-4c69-979f-eaf143828e1d,ZZZ,Lithuania,lt,367538446704454,Centric Care Lietuva,Facebook
ad3ccced-1379-4251-b5c3-f628cf6a5e7a,Nord Solar Lietuva,2023-10-31T05:16:03.617Z,7be22c79-191b-49de-bd2c-d051b1df01a7,ZZZ,Lithuania,lt,113033241681023,Nord Solar Lietuva,Facebook
99b550ee-29b4-43dd-b30b-70c42a92f20a,Svetlana Batura Photography,2023-10-03T05:06:46.149Z,6253b516-ff9a-4810-b383-4ca6d20b6767,ZZZ,Lithuania,lt,252281750302,Svetlana Batura Photography,Facebook
403df5cb-1bcb-495e-9aa0-274fffb69616,Datacademy Lietuva,2023-03-12T10:53:16.860Z,e7f80a4c-d376-41f3-985c-8186e81df2a6,ZZZ,Lithuania,lt,111586408262615,Datacademy Lietuva,Facebook
ef383f76-cbd4-46c1-aea8-4faf38f52c4c,gydytoja_greta,2023-03-12T10:53:16.861Z,7350101a-d723-416d-bb40-832177a80e77,ZZZ,Lithuania,lt,112471124581537,gydytoja_greta,Facebook
7f4e8bc8-62ad-4412-a2f0-17b440566e5b,pabaisa_po_mano_lova,2023-03-15T10:53:27.354Z,a381743b-2ddc-449b-b228-986777151f14,ZZZ,Lithuania,lt,112827357167958,pabaisa_po_mano_lova,Facebook
831a1a57-5621-4d10-939f-c1d1eb6e6976,Nook Family,2023-06-27T06:57:05.414Z,41fcbf7a-a09c-4de1-8cf9-365344368d5c,ZZZ,Lithuania,lt,279561608828172,Nook Family,Facebook
ae912396-d39a-4bcc-a7fa-e0d0ebf062ff,ncsosorg,2023-07-04T06:16:18.946Z,ed812606-08a5-4960-9bb3-56212bcd791e,ZZZ,Lithuania,lt,120277484387820,ncsosorg,Facebook
b4c50751-32cd-487f-957d-cc794f1308e9,Lietuvos žaliųjų partija - Mažeikių skyrius,2023-02-14T10:53:21.408Z,ed016424-9397-4982-888f-399684af730e,LZP,Lithuania,lt,102789652712725,Lietuvos žaliųjų partija - Mažeikių skyrius,Facebook
56336e9f-0279-4ded-bef7-c8c6875cb282,Dot paintings,2024-04-14T05:03:25.479Z,ae2a4b5a-aa2d-4bd5-b348-7ee767ad61ff,ZZZ,Lithuania,lt,1815693101891372,Dot paintings,Facebook
fb534215-763d-40e7-a42c-9fb9a966da98,Centenary Policy Institute,2024-04-15T05:18:32.032Z,1fe7af70-4d45-425b-b78f-afe027e78a9a,ZZZ,Lithuania,lt,114184698266369,Centenary Policy Institute,Facebook
ac9d0467-3aa4-4176-87f8-c768174ef46d,Wonderful Lifestyle,2024-04-14T05:03:25.474Z,b38ce0d1-5c72-43a5-9695-2367ac4859f0,ZZZ,Lithuania,lt,174261982443090,Wonderful Lifestyle,Facebook
9baa5e38-1b11-4a9f-8f51-13bce1f49c56,anastasia_relocate,2024-04-17T05:21:56.627Z,62be1a85-f25c-4739-93da-e58a7952ec56,ZZZ,Lithuania,lt,235075356360128,anastasia_relocate,Facebook
39fbc0f6-3428-4dd0-95ee-2721204343c5,UnionTac,2024-04-13T11:24:49.118Z,cdcb5365-5e71-4de6-8ea8-5c61f7428b0f,ZZZ,Lithuania,lt,243964665457863,UnionTac,Facebook
829b01f4-67c0-4a1d-be20-006286d0c4a1,Kauno klinikų Kraujo centras,2024-04-13T11:24:49.125Z,0f2847e7-30e1-4e02-a17d-bd6ff5150657,ZZZ,Lithuania,lt,274144405996987,Kauno klinikų Kraujo centras,Facebook
e5b9900c-d29a-4ac1-95b9-e07a5d0130e9,cappucchinatore,2024-03-17T05:19:31.169Z,1502ba95-0772-4fcc-adf3-6c8261cd4a17,ZZZ,Lithuania,lt,112559911943900,cappucchinatore,Facebook
5f573db0-87c0-478c-9c4d-679fcd86a791,SocialDrum,2024-04-09T05:17:52.287Z,cb614106-4075-43f1-8495-c906cf439f2d,ZZZ,Lithuania,lt,494050787372018,SocialDrum,Facebook
f45a7a92-13ac-4742-b8ac-a4889e133f70,M-Films,2024-04-09T05:17:52.281Z,9d573ea8-6f5b-4c8d-a3ec-fc91dbed2126,ZZZ,Lithuania,lt,1197210520337668,M-Films,Facebook
9bb13cd6-6496-4770-aac1-a277c8bb87f0,Crayon Lithuania,2024-03-22T05:18:46.506Z,c70bee51-fb69-44e4-a576-48ca327b22cf,ZZZ,Lithuania,lt,106783740979442,Crayon Lithuania,Facebook
75e1281d-3902-4010-9391-a0cc63a30221,MV GROUP,2024-03-31T05:18:17.829Z,d1d1fd4f-1acf-4c6f-8b23-cc5d4eb2d260,ZZZ,Lithuania,lt,100413258350138,MV GROUP,Facebook
e0c17885-21d0-4afe-ae47-f9996d2f1c62,Unique Projects,2024-02-16T06:06:00.513Z,0d9083d5-1671-4692-94ea-803479cda575,ZZZ,Lithuania,lt,897113176983738,Unique Projects,Facebook
4ec68b5d-d2e7-4b5d-9313-52e0e1f651cc,Kauno menininkų namai / Kaunas Artists' House,2024-02-16T06:06:00.491Z,ca6d0d07-cad3-4634-8ed4-59ed7fef5bfc,ZZZ,Lithuania,lt,113420072006773,Kauno menininkų namai / Kaunas Artists' House,Facebook
682fcb3c-e048-4a71-b209-811f0b37bbdd,Volvo Trucks Lietuva,2024-04-05T04:53:02.792Z,a7b1259b-f602-473c-95ba-d720a84642a7,ZZZ,Lithuania,lt,191316537649451,Volvo Trucks Lietuva,Facebook
3eb17708-02cc-40b6-be6d-52c76ef73345,Ignitis ON,2024-01-20T05:06:39.637Z,043daf5b-2b64-4d5f-8760-4de8c8343953,ZZZ,Lithuania,lt,590414267985513,Ignitis ON,Facebook
5f86a2db-5caa-4d2f-a4ce-e0b8bf24a142,Hanner,2024-01-22T05:06:34.216Z,1f6a4307-fc24-4a9c-abbf-158aea8a812c,ZZZ,Lithuania,lt,1670628569851478,Hanner,Facebook
4460a223-aedd-47f1-a4b1-19b06c59fca7,Manpower Lithuania,2024-01-20T05:06:39.600Z,9a0fc77f-ba87-45c2-b574-381d41505606,ZZZ,Lithuania,lt,222383007774305,Manpower Lithuania,Facebook
10125648-e85b-4789-9e62-9e20c80f8979,Vipps MobilePay,2023-10-07T05:06:53.688Z,8eb446a7-de89-4bc3-886c-5f8ce1b98389,ZZZ,Lithuania,lt,1524252140950078,Vipps MobilePay,Facebook
8c4f4747-3b83-4fc5-a00a-52f5d689ce11,VIMS - International Meridian School,2023-05-01T06:52:50.424Z,8774a623-5c39-4747-8c3d-5b650eb6ebe0,ZZZ,Lithuania,lt,330531663009,VIMS - International Meridian School,Facebook
1a0b146e-6b37-4a7a-9df8-f630346e8dc1,Vilnius Film Office | Vilniaus kino biuras,2023-11-01T05:06:54.347Z,402a33d5-7b67-4ac9-ab02-a7968a2a1051,ZZZ,Lithuania,lt,234077793328568,Vilnius Film Office | Vilniaus kino biuras,Facebook
35e7b060-7176-4f45-92fd-7a8fff971210,VILNIUS TECH LinkMenų fabrikas,2023-03-08T20:04:49.118Z,f6e8c4ad-dde2-4803-ab8f-675bf5d0b681,ZZZ,Lithuania,lt,1685282141689108,VILNIUS TECH LinkMenų fabrikas,Facebook
03ae4a5d-d784-44fb-b24c-69d470f57c38,VILNIAUS ETNINĖS KULTŪROS CENTRAS,2023-02-13T10:53:29.135Z,5767d5c9-0a78-4450-a79d-19e7c8fa0df8,ZZZ,Lithuania,lt,134536156470,VILNIAUS ETNINĖS KULTŪROS CENTRAS,Facebook
998136e5-db03-41a3-9480-98ed79666e1b,VILNIUS TECH,2023-07-12T14:59:52.703Z,13700297-6de0-4c92-b9f8-fea54780f143,ZZZ,Lithuania,lt,98081370742,VILNIUS TECH,Facebook
2a6ce0d4-176e-4cd1-81c8-b0db9b38babe,Vilniaus universiteto leidykla / Vilnius University Press,2023-03-07T10:53:17.882Z,bf3155ad-e761-4346-a1ce-e6e613bff302,ZZZ,Lithuania,lt,1621012557985107,Vilniaus universiteto leidykla / Vilnius University Press,Facebook
1e370947-c08d-4dae-8ffc-c58d59510438,Vilnius Airport,2023-05-15T06:53:23.838Z,f4c9d7a1-3a25-453f-a0a9-9dfa9b226185,ZZZ,Lithuania,lt,773512479404143,Vilnius Airport,Facebook
21a2ba2c-971e-4863-8a16-a30a8b09e3f2,VELUX,2023-05-30T06:53:20.589Z,293dc1f3-a40b-49a4-9ea7-2953bca43f34,ZZZ,Lithuania,lt,271925196319742,VELUX,Facebook
13b6fd6d-e4ad-4991-aea6-75cc48e26bc4,Vilniaus universiteto fondas,2023-03-08T14:42:56.148Z,26fcd2e9-24c3-4a31-9b91-1f2249fd39a1,ZZZ,Lithuania,lt,1729707043964371,Vilniaus universiteto fondas,Facebook
36f84647-de43-4cf0-94cc-07e406e25ac7,VDU Studentų atstovybė,2024-02-27T07:24:37.874Z,8d62a2b0-237c-4856-a600-1b51d8336b56,ZZZ,Lithuania,lt,78645302646,VDU Studentų atstovybė,Facebook
45e0a629-0dd8-4051-a521-a60bcf572005,VDU Žemės ūkio akademija,2023-03-19T10:53:07.320Z,ca5f39aa-6130-4e23-86a2-b27e0fb782f7,ZZZ,Lithuania,lt,224745674272519,VDU Žemės ūkio akademija,Facebook
996fb625-6291-4e6c-a5e4-1aa1a9913934,Utopia Teatras,2023-03-08T16:11:52.078Z,f4907530-a87b-44d7-b2a5-7da72956e511,ZZZ,Lithuania,lt,830811443618288,Utopia Teatras,Facebook
63a56ee8-15b9-4d39-9097-20dda9651ee9,Super SOCO Lietuva,2023-07-01T05:07:55.970Z,fc6184b9-edc6-4656-8a5a-56f9a4bc9deb,ZZZ,Lithuania,lt,100793477941428,Super SOCO Lietuva,Facebook
b77b289f-2523-4161-8b0f-e1732a94f44a,VB Fashion Patterns,2023-04-20T06:53:03.009Z,e993a301-6558-4d46-a837-5f88d75b989e,ZZZ,Lithuania,lt,109431685089483,VB Fashion Patterns,Facebook
b2f2592d-3ff0-4dc4-bd6c-4d6065f27696,Unipark,2024-03-30T05:18:39.152Z,15a1ae51-b901-4d91-8125-5688d3728d31,ZZZ,Lithuania,lt,187205528032007,Unipark,Facebook
f6b933aa-d393-4ff7-b24f-438281603744,Urban HUB,2023-06-16T09:33:11.127Z,22b15106-bfef-40cc-b8ca-086d4796c5ec,ZZZ,Lithuania,lt,116367191339555,Urban HUB,Facebook
3955e5b3-b34c-4c8e-a2ff-e178d5ca9494,TopSale.lt top išpardavimai,2023-07-13T12:38:05.218Z,35951bb5-ff04-477d-a57c-b08925204f0c,ZZZ,Lithuania,lt,216358931787894,TopSale.lt top išpardavimai,Facebook
0fc1c05f-03c9-436a-b841-9eed3b1ca88b,Tetra Pak Lietuva,2023-02-24T10:53:23.185Z,d4ec5bb1-375e-4ce5-859d-8e4166d322c6,ZZZ,Lithuania,lt,596679610509321,Tetra Pak Lietuva,Facebook
9e5c7556-1976-4cf5-880f-83a53403ac1a,Toyota Lietuva,2023-03-08T17:03:50.075Z,45b5af63-21e8-41e6-8067-c3ceeba1c540,ZZZ,Lithuania,lt,115054468608217,Toyota Lietuva,Facebook
1e9bb472-34a1-485d-9cd7-922ff48d9243,Sun Investment Group,2023-03-08T19:00:50.503Z,fa28fb29-f628-4112-9a0a-95884af817d9,ZZZ,Lithuania,lt,1620815901537156,Sun Investment Group,Facebook
cbd3658b-23f9-4fcc-989c-83409110374c,Refugee Council of Lithuania,2023-03-21T10:53:00.857Z,8d33f844-61d8-4cc2-88f2-8ecb0755a60f,ZZZ,Lithuania,lt,101887804879642,Refugee Council of Lithuania,Facebook
da06bbe4-d88f-4130-8d17-d130ee25520d,teisininkai_luxlex,2023-03-08T17:03:50.389Z,deb74f5e-7351-4261-a2d9-f33b6cb93a67,ZZZ,Lithuania,lt,115119251465744,teisininkai_luxlex,Facebook
69d45cb0-734e-4651-8c67-41f82aad6a95,Lietuvos valstiečių ir žaliųjų sąjunga,2024-04-17T10:22:02.558Z,178a637e-2713-44d1-9a9a-f0f6c4d67877,LVZS,Lithuania,lt,AR06559563226009305089,Lietuvos valstiečių ir žaliųjų sąjunga,Google
1a59360b-051e-48f2-a44e-c814eb77630e,Vytautas Gapšys,2023-05-09T06:53:03.554Z,9596d7af-a6a9-4ce3-bbc3-8016a347dc2a,DP,Lithuania,lt,155075304519795,Vytautas Gapšys,Facebook
c048ca8b-4ecc-44e2-a26e-b4fbd165a3c9,Darbo partija Vilniaus rajonas,2023-02-26T10:53:28.367Z,a49b6d90-e17f-464e-93bf-f37e134ffab9,DP,Lithuania,lt,100695332907372,Darbo partija Vilniaus rajonas,Facebook
829cdf31-400d-4915-9c18-82f3f7e9a934,Darbo Partija Klaipėdos rajonas,2023-03-02T10:53:20.543Z,6e941eff-fb6d-49a2-8588-a85cfce513d6,DP,Lithuania,lt,793155160731534,Darbo Partija Klaipėdos rajonas,Facebook
36dec334-6b10-4a19-b59f-7c639b9b2b37,Darbo partija Raseiniai,2023-02-27T10:53:24.358Z,95a2c355-2e5a-4b43-a802-8303f45a4eb1,DP,Lithuania,lt,115476324494922,Darbo partija Raseiniai,Facebook
6c9f6f10-31b5-4cb3-bd10-fcfb7c558013,Darbo partija Kauno rajonas,2023-02-25T10:53:25.986Z,055d1bf4-d8a2-4eab-937a-eb75de2b510d,DP,Lithuania,lt,534350463273791,Darbo partija Kauno rajonas,Facebook
e4db367f-cce1-465d-a75f-4b54a39b141f,Laisvės partijos Ukmergės skyrius,2023-03-08T15:31:54.985Z,6278b344-e029-4fb4-8dd6-a5268296aa95,LP,Lithuania,lt,102213295619333,Laisvės partijos Ukmergės skyrius,Facebook
66694456-db61-4082-a260-f2a1d0594e71,Viktoras Uspaskich,2023-10-09T05:07:00.468Z,d9250da4-f8be-4b6b-8dc5-7e7444b087d5,DP,Lithuania,lt,160851767470,Viktoras Uspaskich,Facebook
0d2d476d-5289-4b9b-a6b2-6d1f8e9245df,Laisvės partijos Jonavos skyrius,2023-03-02T10:53:20.541Z,65fd002b-4ed7-4a68-915c-f144b4ec996e,LP,Lithuania,lt,335560970967953,Laisvės partijos Jonavos skyrius,Facebook
2cbd8b2a-844f-4d42-ae24-12d7861dcdfe,Lina Skrupskelienė,2024-02-16T06:06:00.472Z,1c74728b-9af1-4cb4-b509-e8cb4b5f48de,LRLS,Lithuania,lt,174998025692379,Lina Skrupskelienė,Facebook
db75be68-6e7d-43c1-9be9-ba225b67b046,Laisvės partijos Alytaus skyrius,2023-02-19T10:53:34.136Z,b3bfc7e5-13a9-434b-aa9e-dd4e45cc913c,LP,Lithuania,lt,110184958529472,Laisvės partijos Alytaus skyrius,Facebook
5db4da28-df78-4115-a341-b90954d9496b,Anykščių Liberalai,2023-03-04T10:53:28.761Z,c39988b8-7832-4f3b-99d7-423254784e60,LRLS,Lithuania,lt,321962601194780,Anykščių Liberalai,Facebook
39e850ce-b615-4eaf-8cdd-1b38a299aeef,Kaišiadorių liberalai,2023-03-15T10:53:27.320Z,7c9c19d6-5b62-4e1e-b2eb-d23c5fbf582f,LRLS,Lithuania,lt,109246215819951,Kaišiadorių liberalai,Facebook
455b0675-d46d-4d7b-8faa-9e70caec832e,Trakų rajono Liberalai,2023-02-27T10:53:24.377Z,8c343f6a-46e4-4b50-ab4f-2b11022f8031,LRLS,Lithuania,lt,442361116178276,Trakų rajono Liberalai,Facebook
c728d4c9-4144-494a-a841-4dff9bd91ab1,Akmenės Liberalai,2023-02-19T10:53:34.348Z,e5e94ffb-ed33-4d7b-adf0-c1fca87ecc09,LRLS,Lithuania,lt,376534902428129,Akmenės Liberalai,Facebook
e5075038-8bde-4dea-8217-a917a4d0cd4d,ALYTAUS LIBERALAI,2023-02-17T10:53:09.630Z,cadb148d-673b-4073-9b6d-d6c20602ea75,LRLS,Lithuania,lt,1505491863032056,ALYTAUS LIBERALAI,Facebook
52026de5-84b6-4095-a222-a709524102d1,Klaipėdos liberalai,2023-02-07T15:05:01.091Z,fa43f0a3-ae67-427e-9fdf-a4659946b4d1,LRLS,Lithuania,lt,357066857791,Klaipėdos liberalai,Facebook
6d7d4ebe-396f-43c8-9cce-eea48a4d3962,Šilutės liberalai,2023-03-04T10:53:28.743Z,f268af5e-0306-47f8-9027-490fe7832137,LRLS,Lithuania,lt,110567218963184,Šilutės liberalai,Facebook
f6a5c186-7d27-432e-a666-d95671f5d9cc,Kauno liberalai,2023-02-07T15:05:00.951Z,b0f40115-aaaa-44c8-8403-8dfefa4042fc,LRLS,Lithuania,lt,115166708509041,Kauno liberalai,Facebook
eefdbceb-fd24-4dd6-84ea-5e014308e0cb,Tauragės liberalai,2023-02-25T10:53:26.172Z,096f162f-42a1-4c40-80c7-00bf1df95dd1,LRLS,Lithuania,lt,142413545928963,Tauragės liberalai,Facebook
dfaa9cf8-d4dc-46a4-bdf5-1e3a5c365271,Kazlų Rūdos liberalai,2023-02-27T10:53:24.339Z,d2b9f352-56fd-4fc8-85cd-2f02f0ce81a4,LRLS,Lithuania,lt,323162637872832,Kazlų Rūdos liberalai,Facebook
7073be19-a3f1-46f6-8af5-f262a16d4496,Marijampolės liberalai,2023-02-19T10:53:34.240Z,268d7639-5fdc-44b1-96b3-374a7581f660,LRLS,Lithuania,lt,353203304794709,Marijampolės liberalai,Facebook
03198c9b-1e10-4e56-a3b8-e80049d616e1,Vilniaus liberalai,2023-02-21T10:53:17.297Z,4cc393c1-bcaa-47f1-9d98-83d2f5c3e1e2,LRLS,Lithuania,lt,539214349429850,Vilniaus liberalai,Facebook
5cf02ce2-e4cf-4ac8-981b-673a6173fd12,Elektrėnų liberalai,2023-02-07T15:05:01.454Z,5b24ebc7-38ae-434e-a096-acd7b808a304,LRLS,Lithuania,lt,114367101538203,Elektrėnų liberalai,Facebook
a1ecc4f5-5acb-4d0c-99ef-90015fb2c828,Šiaulių Liberalai,2023-02-08T05:55:42.842Z,0545ecb2-8e29-47d1-bb8e-1e946729031e,LRLS,Lithuania,lt,672052326143433,Šiaulių Liberalai,Facebook
9ead7ba2-f6c8-454f-b367-dd45c27c07ac,Lietuvos liberalus jaunimas,2023-02-19T10:53:34.301Z,aafa39d2-3c2c-46e3-b8c9-e5b30707c2d0,LRLS,Lithuania,lt,96489601458,Lietuvos liberalus jaunimas,Facebook
7ea7bb87-1d29-4d7a-97bd-8a653ae20c8e,Liberalų Sąjūdžio Rokiškio skyrius,2023-02-25T10:53:26.166Z,1e62f0a3-4d89-4464-bf3d-06b7b4a013c9,LRLS,Lithuania,lt,114412894779572,Liberalų Sąjūdžio Rokiškio skyrius,Facebook
e96cb815-a86f-4ff0-9da0-a4621933caa0,Prienų liberalai,2023-02-10T10:53:27.987Z,10709e3e-3b07-419f-beea-552f64107af1,LRLS,Lithuania,lt,886406574731152,Prienų liberalai,Facebook
f018495b-3a54-4cf1-ba5a-95eff3337f22,Jonavos Liberalai,2023-02-14T10:53:21.423Z,4a9b0522-3d0d-4dc9-8fa2-4063625f20ca,LRLS,Lithuania,lt,127385980612041,Jonavos Liberalai,Facebook
69f99118-158e-4a9a-9873-3d75b960931d,Liberalūs pokalbiai,2023-02-16T10:53:18.861Z,e72a249e-aabc-465a-b925-d986c612842b,LRLS,Lithuania,lt,107829595040732,Liberalūs pokalbiai,Facebook
21ed0716-1631-43d7-aa18-1d20607e19e2,Andrius Vyšniauskas,2024-04-11T05:18:15.443Z,f08d7a41-6d7f-455f-af4a-34e3a5362e08,TSLKD,Lithuania,lt,109529341987471,Andrius Vyšniauskas,Facebook
7e6ee9e4-e50a-4cfc-a0e1-f8f245204209,Kauno rajono liberalai,2023-02-07T15:05:01.390Z,58ad0518-0514-45ad-b1dd-370183cc3bcb,LRLS,Lithuania,lt,168998863144644,Kauno rajono liberalai,Facebook
af206fd1-e6b7-45ac-8d6a-bf1e2b0d4d65,Tadas Barauskas,2024-04-04T06:45:58.460Z,e758254c-c222-42fa-a7ce-59b1e52fff01,LSDP,Lithuania,lt,380396325749851,Tadas Barauskas,Facebook
41d9d816-803b-41ed-84dc-4d74fb1d888a,Jaunimo linija,2024-04-08T06:11:50.240Z,8ad76e8e-66d9-425b-afea-2c743c4a2794,ZZZ,Lithuania,lt,107938829301904,Jaunimo linija,Facebook
63778587-a053-4553-9605-04e219e8d2f1,TECH mugė,2023-02-25T10:53:26.186Z,9117b24e-bc47-488b-b911-1b855858dc1a,ZZZ,Lithuania,lt,108968617297322,TECH mugė,Facebook
e2a9b13a-7f78-445e-bada-7f954245b1c4,Helga Marija Kauzonė,2024-01-08T05:06:41.074Z,6c6689aa-d1a1-4b0b-a37d-b88a1176d4a7,LZP,Lithuania,lt,152890147917431,Helga Marija Kauzonė,Facebook
e60f70a2-e593-423f-86d9-c9b280230659,Virginijus Ceslevičius,2023-03-04T10:53:28.673Z,aa136052-5d7d-4dd4-93e3-6b18e9376373,LZP,Lithuania,lt,231230341532342,Virginijus Ceslevičius,Facebook
2049e496-1218-4152-bc80-7f9debc08576,Laisvės partija,2024-04-17T09:35:43.564Z,3c2aa19d-1e76-4a14-9339-812317708228,LP,Lithuania,lt,AR11160342089089155073,Laisvės partija,Google
3f84673d-1570-477d-acb9-399c5b851c94,Molėtų rajono žalieji,2023-02-07T15:05:00.817Z,491b362a-d064-40a9-9812-c53b2a142fb3,LZP,Lithuania,lt,103377383346795,Molėtų rajono žalieji,Facebook
48f2ff84-ddaf-40da-9c13-03381dc9b781,Kauno žalieji,2023-02-07T15:05:01.063Z,14649200-875e-471c-9b25-45341558dc41,LZP,Lithuania,lt,230755220274284,Kauno žalieji,Facebook
5d069054-bb03-49c6-88c0-aab960591be9,Gintas Umbrasas,2023-03-08T16:32:27.474Z,dea62a3f-b96a-4996-9006-a8192d309d9b,LZP,Lithuania,lt,119174386593274,Gintas Umbrasas,Facebook
4fe36150-ed01-4794-8f7c-a8fe231da162,Kauno rajono žalieji,2023-02-07T15:05:01.467Z,cb3e51c9-cdcc-4107-a0de-c86be986102b,LZP,Lithuania,lt,111680570658088,Kauno rajono žalieji,Facebook
3542030b-8153-481a-9272-268e2cc6d1c8,Darius  Šimčikas,2023-02-14T10:53:21.411Z,d8a08317-0fc9-4131-97d2-755712e39a7b,LZP,Lithuania,lt,1396917677117989,Darius  Šimčikas,Facebook
f93e8e9f-5bef-4dd1-b4b9-55e2958f75cc,Lietuvos Žaliųjų Partija Kelmės ir Šilalės skyrius,2023-02-07T15:05:01.311Z,50d02963-9721-4749-93fd-74e3235a87e2,LZP,Lithuania,lt,106601410807622,Lietuvos Žaliųjų Partija Kelmės ir Šilalės skyrius,Facebook
13685c6c-685e-4efc-bfa6-2448eb824bbf,Sigitas Mecelica,2023-02-07T15:05:01.694Z,bfdee36b-5fe6-422b-b060-d9c14cf7ca5e,LZP,Lithuania,lt,1042868682476099,Sigitas Mecelica,Facebook
